BookID,BookName,PageName,IDAnnot,LemmaTranscription
b_5553899179,3.EBE1082,EBE1082_058_38v,3,βωνίτης
b_5553899179,3.EBE1082,EBE1082_059_40r,26,γήλοφον
b_5553899179,3.EBE1082,EBE1082_052_33r,22,βακχευθεῖσα
b_5553899179,3.EBE1082,EBE1082_052_33r,12,βάδδομαι
b_5553899179,3.EBE1082,EBE1082_065_45v,10,δήμιος
b_5553899179,3.EBE1082,EBE1082_070_50v,12,δράγματα
b_5553899179,3.EBE1082,EBE1082_067_48r,28,διεὐκρινήσαμ(εν)
b_5553899179,3.EBE1082,EBE1082_058_39r,13,γάννυμαι
b_5553899179,3.EBE1082,EBE1082_057_38r,14,βυρσοδέψης
b_5553899179,3.EBE1082,EBE1082_066_47r,22,διαρτίσαι
b_5553899179,3.EBE1082,EBE1082_054_34v,14,βδελύττεσθαι
b_5553899179,3.EBE1082,EBE1082_055_36r,3,βλάστημα
b_5553899179,3.EBE1082,EBE1082_064_45r,9,δεινοπαθεῖ
b_5553899179,3.EBE1082,EBE1082_059_40r,25,γηπόνος
b_5553899179,3.EBE1082,EBE1082_064_45r,18,δείνας
b_5553899179,3.EBE1082,EBE1082_064_45r,6,δεννάζων
b_5553899179,3.EBE1082,EBE1082_067_47v,23,διαφυγῶν
b_5553899179,3.EBE1082,EBE1082_051_31v,24,ἀφύγγετον
b_5553899179,3.EBE1082,EBE1082_055_36r,27,βοοπόρους
b_5553899179,3.EBE1082,EBE1082_055_35v,18,βίρρον
b_5553899179,3.EBE1082,EBE1082_068_48v,15,διἰκνούμ(εν)ο(ς)
b_5553899179,3.EBE1082,EBE1082_050_30v,6,αὐτοφόρβος
b_5553899179,3.EBE1082,EBE1082_050_30v,1,αὐτουργός
b_5553899179,3.EBE1082,EBE1082_057_37v,4,βρεμέτω
b_5553899179,3.EBE1082,EBE1082_049_30r,27,αυτόπται
b_5553899179,3.EBE1082,EBE1082_050_31r,18,ἀφελχθείη
b_5553899179,3.EBE1082,EBE1082_053_34r,17,βασιλίς
b_5553899179,3.EBE1082,EBE1082_063_43v,21,δαιτρευτῶς
b_5553899179,3.EBE1082,EBE1082_050_31r,22,ἀφείλαντο
b_5553899179,3.EBE1082,EBE1082_057_37v,26,βρότον
b_5553899179,3.EBE1082,EBE1082_052_33r,9,βαδδίν
b_5553899179,3.EBE1082,EBE1082_051_32r,14,ἄχθομαι
b_5553899179,3.EBE1082,EBE1082_054_35r,12,βεμβικίζεται
b_5553899179,3.EBE1082,EBE1082_058_38v,1,βωτιάνειρα
b_5553899179,3.EBE1082,EBE1082_063_43v,20,δαισάνη
b_5553899179,3.EBE1082,EBE1082_064_45r,11,δερμύλλειν
b_5553899179,3.EBE1082,EBE1082_057_38r,7,βρύχεται
b_5553899179,3.EBE1082,EBE1082_062_43r,17,δαήρ
b_5553899179,3.EBE1082,EBE1082_058_38v,2,βώνοσοι
b_5553899179,3.EBE1082,EBE1082_050_30v,23,αὐχμηρός
b_5553899179,3.EBE1082,EBE1082_051_31v,9,ἀφιλοικτίρμω(ν)
b_5553899179,3.EBE1082,EBE1082_059_40r,18,γεννήτωρ
b_5553899179,3.EBE1082,EBE1082_058_39r,19,γάστρις
b_5553899179,3.EBE1082,EBE1082_060_41r,2,γλαύξ
b_5553899179,3.EBE1082,EBE1082_068_48v,16,διΐξομαι
b_5553899179,3.EBE1082,EBE1082_060_41r,5,γλαγός
b_5553899179,3.EBE1082,EBE1082_053_33v,9,βαλάντιον
b_5553899179,3.EBE1082,EBE1082_060_40v,12,γίγαρτον
b_5553899179,3.EBE1082,EBE1082_069_49v,23,δοκιμάζεις
b_5553899179,3.EBE1082,EBE1082_054_34v,24,βεβόηκ(εν)
b_5553899179,3.EBE1082,EBE1082_066_47r,9,διαπληκτίζονται
b_5553899179,3.EBE1082,EBE1082_063_43v,23,δαιμόνιε
b_5553899179,3.EBE1082,EBE1082_061_42r,1,γνόφος
b_5553899179,3.EBE1082,EBE1082_049_30r,8,αὐλίζεται
b_5553899179,3.EBE1082,EBE1082_061_41v,12,γόος
b_5553899179,3.EBE1082,EBE1082_066_46v,1,δίδραχμον
b_5553899179,3.EBE1082,EBE1082_070_50v,27,δρεφθῆναι
b_5553899179,3.EBE1082,EBE1082_057_38r,4,βρύον
b_5553899179,3.EBE1082,EBE1082_057_38r,6,βρύλλια
b_5553899179,3.EBE1082,EBE1082_051_32r,23,ἀχρεῖος
b_5553899179,3.EBE1082,EBE1082_070_50v,11,δοχή
b_5553899179,3.EBE1082,EBE1082_065_46r,18,δια βραχέος
b_5553899179,3.EBE1082,EBE1082_065_46r,16,διαβεβαιοῦται
b_5553899179,3.EBE1082,EBE1082_063_44r,5,δερεστήρ
b_5553899179,3.EBE1082,EBE1082_054_34v,21,βεβηκώς
b_5553899179,3.EBE1082,EBE1082_049_30r,9,αὐλιξ
b_5553899179,3.EBE1082,EBE1082_069_50r,6,δολερῶς
b_5553899179,3.EBE1082,EBE1082_056_36v,16,βοανεργές
b_5553899179,3.EBE1082,EBE1082_068_49r,26,διψᾶται<ε>
b_5553899179,3.EBE1082,EBE1082_064_44v,20,δέρκειν
b_5553899179,3.EBE1082,EBE1082_052_33r,1,βαβύς
b_5553899179,3.EBE1082,EBE1082_056_37r,24,βράχη
b_5553899179,3.EBE1082,EBE1082_065_46r,3,δηριγευόμ(εν)ο(ς)
b_5553899179,3.EBE1082,EBE1082_052_33r,8,βαγεύει
b_5553899179,3.EBE1082,EBE1082_059_39v,27,γέννησις
b_5553899179,3.EBE1082,EBE1082_061_41v,2,γνώμη
b_5553899179,3.EBE1082,EBE1082_054_35r,25,βῆμα
b_5553899179,3.EBE1082,EBE1082_051_31v,8,ἀφίδρυσμα
b_5553899179,3.EBE1082,EBE1082_057_38r,5,βρύτια
b_5553899179,3.EBE1082,EBE1082_066_46v,13,διακενῆς
b_5553899179,3.EBE1082,EBE1082_069_49v,22,δοκεῖ
b_5553899179,3.EBE1082,EBE1082_065_46r,2,δημοσιεύωμαι
b_5553899179,3.EBE1082,EBE1082_056_36v,11,βωμολόχος
b_5553899179,3.EBE1082,EBE1082_065_46r,14,διαβαίνει
b_5553899179,3.EBE1082,EBE1082_055_36r,4,βλαρόν
b_5553899179,3.EBE1082,EBE1082_059_40r,22,γεώδης
b_5553899179,3.EBE1082,EBE1082_066_47r,18,διαπήγϊον
b_5553899179,3.EBE1082,EBE1082_056_36v,24,βούλιμος
b_5553899179,3.EBE1082,EBE1082_066_46v,23,διάλημμα
b_5553899179,3.EBE1082,EBE1082_053_33v,19,βάξις
b_5553899179,3.EBE1082,EBE1082_053_33v,4,βαλανεύς
b_5553899179,3.EBE1082,EBE1082_066_46v,21,διακυκώσι
b_5553899179,3.EBE1082,EBE1082_060_40v,7,γήδιον
b_5553899179,3.EBE1082,EBE1082_051_32r,11,ἀχέων
b_5553899179,3.EBE1082,EBE1082_056_37r,5,βούλημα
b_5553899179,3.EBE1082,EBE1082_070_50v,30,δρίξ
b_5553899179,3.EBE1082,EBE1082_052_32v,11,ἀψοφητί
b_5553899179,3.EBE1082,EBE1082_057_37v,17,βρόχος
b_5553899179,3.EBE1082,EBE1082_066_47r,15,διαπρέψας
b_5553899179,3.EBE1082,EBE1082_066_46v,19,διακραδαίνει
b_5553899179,3.EBE1082,EBE1082_064_44v,16,δέδυκεν
b_5553899179,3.EBE1082,EBE1082_055_35v,27,βλοσυρωπὸς
b_5553899179,3.EBE1082,EBE1082_059_39v,7,γερήνιος
b_5553899179,3.EBE1082,EBE1082_064_44v,17,δείσας
b_5553899179,3.EBE1082,EBE1082_070_50v,19,δρὰξ
b_5553899179,3.EBE1082,EBE1082_068_48v,13,διΐσταται
b_5553899179,3.EBE1082,EBE1082_056_36v,1,βόμβος
b_5553899179,3.EBE1082,EBE1082_050_31r,13,ἀφαιρεῖται
b_5553899179,3.EBE1082,EBE1082_053_33v,11,βάλλεν
b_5553899179,3.EBE1082,EBE1082_051_32r,13,ἀχθηδών
b_5553899179,3.EBE1082,EBE1082_059_39v,21,γεράνδρυον
b_5553899179,3.EBE1082,EBE1082_062_42v,23,γύψ
b_5553899179,3.EBE1082,EBE1082_062_42v,16,γυναικίας
b_5553899179,3.EBE1082,EBE1082_065_46r,12,δηνάριον
b_5553899179,3.EBE1082,EBE1082_058_38v,6,γάγγραινα
b_5553899179,3.EBE1082,EBE1082_062_43r,4,γενάρχου
b_5553899179,3.EBE1082,EBE1082_057_38r,15,βύρσα
b_5553899179,3.EBE1082,EBE1082_067_47v,5,διαστέλλων
b_5553899179,3.EBE1082,EBE1082_052_32v,5,αψεύδεια
b_5553899179,3.EBE1082,EBE1082_055_36r,23,βλῶσις
b_5553899179,3.EBE1082,EBE1082_065_46r,25,διαδιδράσκεται
b_5553899179,3.EBE1082,EBE1082_064_44v,23,δέδαται
b_5553899179,3.EBE1082,EBE1082_068_48v,28,δίνη
b_5553899179,3.EBE1082,EBE1082_055_36r,26,βοηθός
b_5553899179,3.EBE1082,EBE1082_064_44v,9,δειπνολόχον
b_5553899179,3.EBE1082,EBE1082_054_34v,13,βδελυγμία
b_5553899179,3.EBE1082,EBE1082_065_45v,4,δῆλοι
b_5553899179,3.EBE1082,EBE1082_054_34v,3,βαταλίζεσθαι
b_5553899179,3.EBE1082,EBE1082_063_43v,11,δαΐξας
b_5553899179,3.EBE1082,EBE1082_066_46v,17,διάκρισιν
b_5553899179,3.EBE1082,EBE1082_049_30r,26,αὐτοῖσιν
b_5553899179,3.EBE1082,EBE1082_065_45v,6,δημοφελής
b_5553899179,3.EBE1082,EBE1082_067_48r,18,διέξοδος
b_5553899179,3.EBE1082,EBE1082_053_33v,15,βαμβλίζειν
b_5553899179,3.EBE1082,EBE1082_055_36r,1,βλάβως
b_5553899179,3.EBE1082,EBE1082_060_40v,15,γίνωσκε
b_5553899179,3.EBE1082,EBE1082_050_30v,21,αὐχοῦντ(ες)
b_5553899179,3.EBE1082,EBE1082_063_44r,8,δεκτῆρες
b_5553899179,3.EBE1082,EBE1082_062_43r,22,δαναοί
b_5553899179,3.EBE1082,EBE1082_061_42r,18,γρυμαία
b_5553899179,3.EBE1082,EBE1082_061_41v,16,γομφιασμό(ς)
b_5553899179,3.EBE1082,EBE1082_067_48r,19,διἐξοδικῶς
b_5553899179,3.EBE1082,EBE1082_054_34v,6,βαύνος
b_5553899179,3.EBE1082,EBE1082_049_30r,16,αὐός
b_5553899179,3.EBE1082,EBE1082_057_37v,10,βριαρόχειρ
b_5553899179,3.EBE1082,EBE1082_060_40v,1,γῆν ἰλλομ(έν)ην
b_5553899179,3.EBE1082,EBE1082_054_35r,8,βέλεμνα
b_5553899179,3.EBE1082,EBE1082_050_31r,3,ἀφάρτεροι
b_5553899179,3.EBE1082,EBE1082_062_42v,22,γυμναζόμ(εν)ο(ς)
b_5553899179,3.EBE1082,EBE1082_061_42r,24,γρύ
b_5553899179,3.EBE1082,EBE1082_067_48r,16,διελήλυθ(εν
b_5553899179,3.EBE1082,EBE1082_070_50v,8,δοχή
b_5553899179,3.EBE1082,EBE1082_057_38r,19,βύω
b_5553899179,3.EBE1082,EBE1082_049_30r,3,αὐϊάχ
b_5553899179,3.EBE1082,EBE1082_055_35v,20,βιστάκια
b_5553899179,3.EBE1082,EBE1082_065_46r,17,διαβάσκεται
b_5553899179,3.EBE1082,EBE1082_062_43r,21,δαβὶδ
b_5553899179,3.EBE1082,EBE1082_063_44r,20,δεξιᾶ
b_5553899179,3.EBE1082,EBE1082_062_42v,2,γράψαι
b_5553899179,3.EBE1082,EBE1082_057_38r,8,βρύκουσα
b_5553899179,3.EBE1082,EBE1082_060_40v,8,γήθυσεν
b_5553899179,3.EBE1082,EBE1082_067_47v,11,διάτορον
b_5553899179,3.EBE1082,EBE1082_053_33v,18,βάντες
b_5553899179,3.EBE1082,EBE1082_055_36r,7,βλεφαρίδες
b_5553899179,3.EBE1082,EBE1082_058_38v,17,γαλιλαία
b_5553899179,3.EBE1082,EBE1082_069_50r,9,δολιχόσκιον
b_5553899179,3.EBE1082,EBE1082_069_50r,25,δόρατα
b_5553899179,3.EBE1082,EBE1082_054_35r,13,βεμβράς
b_5553899179,3.EBE1082,EBE1082_064_44v,1,δέλεαρ
b_5553899179,3.EBE1082,EBE1082_059_40r,3,γεωμόριον
b_5553899179,3.EBE1082,EBE1082_055_35v,19,βίσεξτον
b_5553899179,3.EBE1082,EBE1082_051_31v,3,ἀφιλότιμος
b_5553899179,3.EBE1082,EBE1082_053_33v,13,βαμβάκτης
b_5553899179,3.EBE1082,EBE1082_065_45v,7,δημαιὸς
b_5553899179,3.EBE1082,EBE1082_069_50r,26,δορυφορεῖν
b_5553899179,3.EBE1082,EBE1082_064_44v,24,δεδμήμεθα
b_5553899179,3.EBE1082,EBE1082_051_32r,1,ἄφυκτον
b_5553899179,3.EBE1082,EBE1082_069_50r,5,δολοφρονέ(ων)
b_5553899179,3.EBE1082,EBE1082_053_34r,13,βάσανος
b_5553899179,3.EBE1082,EBE1082_052_33r,11,βαδιῶ
b_5553899179,3.EBE1082,EBE1082_055_35v,1,βὴρ
b_5553899179,3.EBE1082,EBE1082_052_33r,20,βαίεπσα
b_5553899179,3.EBE1082,EBE1082_059_40r,16,γέναρχος
b_5553899179,3.EBE1082,EBE1082_061_41v,17,γομόρ
b_5553899179,3.EBE1082,EBE1082_067_47v,4,διασκιδνᾶται
b_5553899179,3.EBE1082,EBE1082_053_34r,15,βάσις
b_5553899179,3.EBE1082,EBE1082_070_50v,22,δραστήριος
b_5553899179,3.EBE1082,EBE1082_066_47r,1,διαμπάξ
b_5553899179,3.EBE1082,EBE1082_052_32v,1,ἀχώρος
b_5553899179,3.EBE1082,EBE1082_066_47r,19,διάπυρος
b_5553899179,3.EBE1082,EBE1082_066_46v,22,διακλιμακίσ(ας)
b_5553899179,3.EBE1082,EBE1082_053_34r,20,βασιλεία θ(εο)ῦ
b_5553899179,3.EBE1082,EBE1082_067_48r,13,διέγνωκα
b_5553899179,3.EBE1082,EBE1082_066_46v,14,διακλῶν
b_5553899179,3.EBE1082,EBE1082_055_36r,12,βλίνος
b_5553899179,3.EBE1082,EBE1082_049_30r,14,αὔρα
b_5553899179,3.EBE1082,EBE1082_051_31v,16,ἀφορμὴ
b_5553899179,3.EBE1082,EBE1082_068_48v,29,διελέσθαι σκῦλαι
b_5553899179,3.EBE1082,EBE1082_057_38r,23,βωμολόχοι
b_5553899179,3.EBE1082,EBE1082_070_50v,21,δραπετεύσ(ας)
b_5553899179,3.EBE1082,EBE1082_054_35r,9,βέλτιον
b_5553899179,3.EBE1082,EBE1082_053_34r,5,βάρειον
b_5553899179,3.EBE1082,EBE1082_065_46r,11,δήγμα
b_5553899179,3.EBE1082,EBE1082_067_47v,9,διασπᾶν
b_5553899179,3.EBE1082,EBE1082_052_33r,29,βακχευθῆναι
b_5553899179,3.EBE1082,EBE1082_068_49r,29,διοθεῖτο
b_5553899179,3.EBE1082,EBE1082_063_44r,12,δέλτος
b_5553899179,3.EBE1082,EBE1082_061_42r,2,γονύων
b_5553899179,3.EBE1082,EBE1082_068_49r,13,διογενής
b_5553899179,3.EBE1082,EBE1082_065_45v,22,δηναιόν
b_5553899179,3.EBE1082,EBE1082_050_30v,3,αὐτόνομος
b_5553899179,3.EBE1082,EBE1082_068_48v,12,διήρετο
b_5553899179,3.EBE1082,EBE1082_066_46v,9,διαθήσεις
b_5553899179,3.EBE1082,EBE1082_055_36r,22,βλωθρή
b_5553899179,3.EBE1082,EBE1082_056_37r,23,βράζουσα
b_5553899179,3.EBE1082,EBE1082_052_32v,7,ἀψακεῖν
b_5553899179,3.EBE1082,EBE1082_052_32v,22,βαβαὶ
b_5553899179,3.EBE1082,EBE1082_053_34r,6,βαρυθυμεῖ
b_5553899179,3.EBE1082,EBE1082_057_38r,20,βωθυσσεῖν
b_5553899179,3.EBE1082,EBE1082_053_33v,12,βαμβαίνει
b_5553899179,3.EBE1082,EBE1082_065_45v,25,δὴ οὖν
b_5553899179,3.EBE1082,EBE1082_052_32v,9,ἄψητος
b_5553899179,3.EBE1082,EBE1082_058_39r,7,γαμψολή
b_5553899179,3.EBE1082,EBE1082_050_30v,4,αὐτομόλως
b_5553899179,3.EBE1082,EBE1082_050_30v,22,αὐχμῶντ(ες)
b_5553899179,3.EBE1082,EBE1082_050_30v,18,αὐχήματα
b_5553899179,3.EBE1082,EBE1082_068_48v,25,δίκη
b_5553899179,3.EBE1082,EBE1082_058_39r,17,γαστρίμαργο(ς)
b_5553899179,3.EBE1082,EBE1082_064_44v,28,δέδευκε
b_5553899179,3.EBE1082,EBE1082_056_36v,19,βοτῆρες
b_5553899179,3.EBE1082,EBE1082_058_38v,10,γάζα
b_5553899179,3.EBE1082,EBE1082_051_31v,11,ἄφθογγος
b_5553899179,3.EBE1082,EBE1082_059_40r,20,γεραλαῖος
b_5553899179,3.EBE1082,EBE1082_063_43v,3,δαίς
b_5553899179,3.EBE1082,EBE1082_064_45r,5,δειλοκαμπήσ(ας)
b_5553899179,3.EBE1082,EBE1082_056_36v,20,βοόπης
b_5553899179,3.EBE1082,EBE1082_067_48r,8,διελέσθαι
b_5553899179,3.EBE1082,EBE1082_059_39v,5,γερμανικοί
b_5553899179,3.EBE1082,EBE1082_066_46v,3,διάθεσις
b_5553899179,3.EBE1082,EBE1082_053_33v,20,βάραθρον
b_5553899179,3.EBE1082,EBE1082_067_48r,26,διεὐθετῶ
b_5553899179,3.EBE1082,EBE1082_053_33v,23,βάρδιστος
b_5553899179,3.EBE1082,EBE1082_063_43v,1,δάμαρ
b_5553899179,3.EBE1082,EBE1082_068_49r,17,διφασία
b_5553899179,3.EBE1082,EBE1082_067_48r,11,δεξιῶ
b_5553899179,3.EBE1082,EBE1082_067_47v,17,διαφοντοῦντ(ας)
b_5553899179,3.EBE1082,EBE1082_057_37v,6,βρέτας
b_5553899179,3.EBE1082,EBE1082_066_47r,12,διαπείρεται
b_5553899179,3.EBE1082,EBE1082_052_32v,2,ἀψάλακτος
b_5553899179,3.EBE1082,EBE1082_061_42r,16,γρόμφης
b_5553899179,3.EBE1082,EBE1082_068_48v,7,διῆκον
b_5553899179,3.EBE1082,EBE1082_051_32r,5,ἀχάνη
b_5553899179,3.EBE1082,EBE1082_063_43v,15,δαιτυμόνες
b_5553899179,3.EBE1082,EBE1082_070_50v,26,δρεπόμ(εν)οι
b_5553899179,3.EBE1082,EBE1082_055_35v,11,βίκος
b_5553899179,3.EBE1082,EBE1082_064_45r,4,δεφόμ(εν)ο(ς)
b_5553899179,3.EBE1082,EBE1082_060_40v,21,γλίσχρος
b_5553899179,3.EBE1082,EBE1082_064_45r,8,δεινουμένην
b_5553899179,3.EBE1082,EBE1082_062_43r,14,δαΐφρων
b_5553899179,3.EBE1082,EBE1082_067_48r,3,δίειμι
b_5553899179,3.EBE1082,EBE1082_062_43r,6,γερέροντ(ες)
b_5553899179,3.EBE1082,EBE1082_063_44r,7,δεισιδαίμων
b_5553899179,3.EBE1082,EBE1082_068_48v,26,διλίτης
b_5553899179,3.EBE1082,EBE1082_057_38r,24,βωμός
b_5553899179,3.EBE1082,EBE1082_055_36r,16,βλιμάζων
b_5553899179,3.EBE1082,EBE1082_058_38v,16,γαιοδόται
b_5553899179,3.EBE1082,EBE1082_058_39r,20,γαῦρος
b_5553899179,3.EBE1082,EBE1082_063_43v,9,δακρυρροεῖν
b_5553899179,3.EBE1082,EBE1082_070_50v,24,δραστίνωρ
b_5553899179,3.EBE1082,EBE1082_052_33r,26,βακαίουσιν
b_5553899179,3.EBE1082,EBE1082_051_32r,10,ἀχέρων
b_5553899179,3.EBE1082,EBE1082_050_30v,25,αὐχῶν
b_5553899179,3.EBE1082,EBE1082_063_44r,3,δεσπόσυνος
b_5553899179,3.EBE1082,EBE1082_058_38v,20,γαλουχοῦσα
b_5553899179,3.EBE1082,EBE1082_057_38r,17,βυσσός
b_5553899179,3.EBE1082,EBE1082_053_34r,8,βαρύπιμος
b_5553899179,3.EBE1082,EBE1082_066_46v,24,διαμαρτεῖν
b_5553899179,3.EBE1082,EBE1082_063_44r,19,δέος
b_5553899179,3.EBE1082,EBE1082_070_50v,5,δουλιονίμερ(ον)
b_5553899179,3.EBE1082,EBE1082_064_45r,20,δειράρας
b_5553899179,3.EBE1082,EBE1082_069_50r,1,δοκιμασθεῖς
b_5553899179,3.EBE1082,EBE1082_069_49v,16,δοκεῖ
b_5553899179,3.EBE1082,EBE1082_069_49v,18,δόγμα
b_5553899179,3.EBE1082,EBE1082_057_37v,25,βρωμασθαι
b_5553899179,3.EBE1082,EBE1082_064_45r,21,δείφων
b_5553899179,3.EBE1082,EBE1082_068_48v,24,δίκαιον
b_5553899179,3.EBE1082,EBE1082_062_42v,8,γρυμός
b_5553899179,3.EBE1082,EBE1082_057_38r,11,βυζάντιον
b_5553899179,3.EBE1082,EBE1082_051_32r,7,ἀχεής
b_5553899179,3.EBE1082,EBE1082_050_31r,23,ἀφειμένος
b_5553899179,3.EBE1082,EBE1082_062_43r,1,γαζοφυλάκιον
b_5553899179,3.EBE1082,EBE1082_065_46r,20,διαγγελεῖ
b_5553899179,3.EBE1082,EBE1082_063_44r,2,ἐστερημ(έν)η
b_5553899179,3.EBE1082,EBE1082_062_42v,21,γυναιμανῶ
b_5553899179,3.EBE1082,EBE1082_058_38v,12,γαιάτης
b_5553899179,3.EBE1082,EBE1082_065_46r,1,δημηγορῆσαι
b_5553899179,3.EBE1082,EBE1082_070_50v,13,δράς
b_5553899179,3.EBE1082,EBE1082_054_35r,15,βέομαι
b_5553899179,3.EBE1082,EBE1082_069_50r,15,δονεῖ
b_5553899179,3.EBE1082,EBE1082_066_47r,27,διαρυεῖναι
b_5553899179,3.EBE1082,EBE1082_067_47v,12,διατμῆξαι
b_5553899179,3.EBE1082,EBE1082_053_33v,1,βαλαντιοτόμος
b_5553899179,3.EBE1082,EBE1082_066_47r,16,διαπύρω
b_5553899179,3.EBE1082,EBE1082_052_32v,13,ἄωρον
b_5553899179,3.EBE1082,EBE1082_068_49r,27,διωρία
b_5553899179,3.EBE1082,EBE1082_069_49v,25,δοκοῦντες
b_5553899179,3.EBE1082,EBE1082_064_44v,2,δελεάστρα
b_5553899179,3.EBE1082,EBE1082_069_49v,6,δμωΐς
b_5553899179,3.EBE1082,EBE1082_053_34r,11,βραχύς
b_5553899179,3.EBE1082,EBE1082_067_47v,22,διαφορά
b_5553899179,3.EBE1082,EBE1082_050_30v,14,αὐτοματίζουσιν
b_5553899179,3.EBE1082,EBE1082_049_30r,15,αὐροί
b_5553899179,3.EBE1082,EBE1082_067_48r,25,διἐσκευασμ(έν)οι
b_5553899179,3.EBE1082,EBE1082_051_32r,6,ἀχανῆ
b_5553899179,3.EBE1082,EBE1082_051_31v,4,ἀφίληκες
b_5553899179,3.EBE1082,EBE1082_065_46r,28,διαπρύσιος
b_5553899179,3.EBE1082,EBE1082_056_36v,25,βουφάγος
b_5553899179,3.EBE1082,EBE1082_069_50r,14,δόνος
b_5553899179,3.EBE1082,EBE1082_068_49r,9,διοπτήρ
b_5553899179,3.EBE1082,EBE1082_049_30r,23,αὐτήμαρ
b_5553899179,3.EBE1082,EBE1082_050_30v,7,αὐτοκαύδαλος
b_5553899179,3.EBE1082,EBE1082_070_50v,25,δραχμαὶ ἑκατὸν
b_5553899179,3.EBE1082,EBE1082_068_48v,18,δικασπόλος
b_5553899179,3.EBE1082,EBE1082_062_42v,1,γρύξαι
b_5553899179,3.EBE1082,EBE1082_065_46r,26,διάδημα
b_5553899179,3.EBE1082,EBE1082_052_33r,24,βάκυλος
b_5553899179,3.EBE1082,EBE1082_055_35v,13,βίος
b_5553899179,3.EBE1082,EBE1082_053_34r,9,βαρυκάρδιος
b_5553899179,3.EBE1082,EBE1082_058_38v,9,γάδειρα
b_5553899179,3.EBE1082,EBE1082_069_49v,4,διώκησε
b_5553899179,3.EBE1082,EBE1082_068_49r,8,διοπετές
b_5553899179,3.EBE1082,EBE1082_067_48r,27,διεὐκρινήσ(ας)
b_5553899179,3.EBE1082,EBE1082_056_37r,12,βραδύς
b_5553899179,3.EBE1082,EBE1082_054_34v,10,βαυΐζει
b_5553899179,3.EBE1082,EBE1082_064_44v,22,δεινάζειν
b_5553899179,3.EBE1082,EBE1082_062_42v,10,γρύτες
b_5553899179,3.EBE1082,EBE1082_059_39v,15,γεργέριμος
b_5553899179,3.EBE1082,EBE1082_069_49v,12,δοάζει
b_5553899179,3.EBE1082,EBE1082_065_46r,6,δηλαδὴ
b_5553899179,3.EBE1082,EBE1082_052_32v,4,ἄψαπιών
b_5553899179,3.EBE1082,EBE1082_050_31r,10,ἀφάπτειν
b_5553899179,3.EBE1082,EBE1082_061_41v,9,γόμφοι
b_5553899179,3.EBE1082,EBE1082_070_50v,15,δράναι
b_5553899179,3.EBE1082,EBE1082_069_50r,27,δουλιον ήμαρ
b_5553899179,3.EBE1082,EBE1082_054_35r,26,βηνός
b_5553899179,3.EBE1082,EBE1082_070_50v,2,δοχμήν
b_5553899179,3.EBE1082,EBE1082_055_36r,15,βλίαρ
b_5553899179,3.EBE1082,EBE1082_067_47v,2,διασείσει
b_5553899179,3.EBE1082,EBE1082_068_49r,19,διφυής
b_5553899179,3.EBE1082,EBE1082_058_39r,15,γαρίω
b_5553899179,3.EBE1082,EBE1082_059_40r,19,γελασφόρος
b_5553899179,3.EBE1082,EBE1082_051_32r,8,ἀχάτης
b_5553899179,3.EBE1082,EBE1082_069_50r,13,δόμακες
b_5553899179,3.EBE1082,EBE1082_068_48v,17,διἱππεύσ(αν)τες
b_5553899179,3.EBE1082,EBE1082_058_39r,4,γαλαὰδ
b_5553899179,3.EBE1082,EBE1082_053_34r,19,βασιλεία οὐ(ρα)νῶν
b_5553899179,3.EBE1082,EBE1082_052_33r,28,βακχεύοντες
b_5553899179,3.EBE1082,EBE1082_065_45v,14,δημοτελής
b_5553899179,3.EBE1082,EBE1082_063_43v,4,δάπεδον
b_5553899179,3.EBE1082,EBE1082_055_35v,15,βιαίος
b_5553899179,3.EBE1082,EBE1082_050_31r,12,ἀφαίρεμαι
b_5553899179,3.EBE1082,EBE1082_069_49v,19,δοιδυκίζω
b_5553899179,3.EBE1082,EBE1082_067_48r,12,διἐθρύβη
b_5553899179,3.EBE1082,EBE1082_058_39r,22,γαῦλος
b_5553899179,3.EBE1082,EBE1082_049_30r,20,αὐτάρκης
b_5553899179,3.EBE1082,EBE1082_060_40v,18,γίνουκλα
b_5553899179,3.EBE1082,EBE1082_058_39r,18,γαστρίμαργο(ς)
b_5553899179,3.EBE1082,EBE1082_067_47v,15,δίαυλος
b_5553899179,3.EBE1082,EBE1082_066_47r,26,διαρέουσαι
b_5553899179,3.EBE1082,EBE1082_068_49r,7,δίοπος
b_5553899179,3.EBE1082,EBE1082_056_37r,7,βουλεύσας
b_5553899179,3.EBE1082,EBE1082_058_38v,8,γάδαρα
b_5553899179,3.EBE1082,EBE1082_058_39r,23,γαυρία
b_5553899179,3.EBE1082,EBE1082_058_39r,5,γαμήλιος
b_5553899179,3.EBE1082,EBE1082_058_38v,22,γαληνός
b_5553899179,3.EBE1082,EBE1082_063_44r,13,δέλφακες
b_5553899179,3.EBE1082,EBE1082_062_43r,26,δαδουχεῖ
b_5553899179,3.EBE1082,EBE1082_056_36v,7,βοάδει
b_5553899179,3.EBE1082,EBE1082_060_41r,3,γλήνη
b_5553899179,3.EBE1082,EBE1082_059_39v,25,γερράδια
b_5553899179,3.EBE1082,EBE1082_062_42v,13,γύργαθος
b_5553899179,3.EBE1082,EBE1082_052_33r,4,βάαλ
b_5553899179,3.EBE1082,EBE1082_063_44r,21,δείμα
b_5553899179,3.EBE1082,EBE1082_063_43v,18,δαίδαλος
b_5553899179,3.EBE1082,EBE1082_064_45r,13,δεύρω
b_5553899179,3.EBE1082,EBE1082_066_47r,8,διαπορθμεύειν
b_5553899179,3.EBE1082,EBE1082_065_45v,15,δήμευσις
b_5553899179,3.EBE1082,EBE1082_059_40r,14,γειτνιῶντες
b_5553899179,3.EBE1082,EBE1082_051_32r,21,ἄχραντον
b_5553899179,3.EBE1082,EBE1082_054_35r,11,βελίαρ
b_5553899179,3.EBE1082,EBE1082_069_49v,24,δοκεύει
b_5553899179,3.EBE1082,EBE1082_067_47v,1,διαρτᾶ
b_5553899179,3.EBE1082,EBE1082_068_49r,1,διφασία| διαλογία
b_5553899179,3.EBE1082,EBE1082_062_43r,8,γάργαλον
b_5553899179,3.EBE1082,EBE1082_061_42r,19,γραφή
b_5553899179,3.EBE1082,EBE1082_068_49r,16,διστάζει
b_5553899179,3.EBE1082,EBE1082_066_46v,4,διάθεσιν
b_5553899179,3.EBE1082,EBE1082_050_31r,9,ἀφάσσειν
b_5553899179,3.EBE1082,EBE1082_064_44v,12,δεῆσαν
b_5553899179,3.EBE1082,EBE1082_063_43v,22,δαιμονίως
b_5553899179,3.EBE1082,EBE1082_053_33v,22,βαρβαρισμό
b_5553899179,3.EBE1082,EBE1082_053_34r,7,βάρος
b_5553899179,3.EBE1082,EBE1082_060_40v,6,γήρεια
b_5553899179,3.EBE1082,EBE1082_052_33r,3,βαβάκτης
b_5553899179,3.EBE1082,EBE1082_062_43r,19,δαφοινός
b_5553899179,3.EBE1082,EBE1082_052_33r,13,βαδύς
b_5553899179,3.EBE1082,EBE1082_059_40r,4,γεγωνῶς
b_5553899179,3.EBE1082,EBE1082_067_47v,7,διαστολή
b_5553899179,3.EBE1082,EBE1082_064_45r,14,δεξιῶς
b_5553899179,3.EBE1082,EBE1082_067_47v,19,διαφρυκτοῦν
b_5553899179,3.EBE1082,EBE1082_053_34r,14,βασᾶν
b_5553899179,3.EBE1082,EBE1082_061_42r,5,γονυπετήσαι
b_5553899179,3.EBE1082,EBE1082_058_39r,10,γαμήλια
b_5553899179,3.EBE1082,EBE1082_059_40r,8,γεφυρίζων
b_5553899179,3.EBE1082,EBE1082_050_31r,4,ἀφάδειος
b_5553899179,3.EBE1082,EBE1082_068_49r,18,δίφρος
b_5553899179,3.EBE1082,EBE1082_054_34v,2,βατταρισμοί
b_5553899179,3.EBE1082,EBE1082_056_37r,16,βράκανα
b_5553899179,3.EBE1082,EBE1082_052_32v,12,ἄωρος
b_5553899179,3.EBE1082,EBE1082_054_34v,1,βατόν
b_5553899179,3.EBE1082,EBE1082_050_30v,11,αὐτοπρέμν(ον)
b_5553899179,3.EBE1082,EBE1082_051_32r,24,ἀχρίνη
b_5553899179,3.EBE1082,EBE1082_065_45v,26,δηθύνω
b_5553899179,3.EBE1082,EBE1082_054_35r,7,βεελφεγώρ
b_5553899179,3.EBE1082,EBE1082_068_49r,21,δίφωνος
b_5553899179,3.EBE1082,EBE1082_049_30r,10,αὐλός
b_5553899179,3.EBE1082,EBE1082_068_48v,21,δικαιοτήρια
b_5553899179,3.EBE1082,EBE1082_050_31r,1,ἀφαγνίσαι
b_5553899179,3.EBE1082,EBE1082_062_42v,9,γρυτά
b_5553899179,3.EBE1082,EBE1082_062_42v,24,γύμνωσις
b_5553899179,3.EBE1082,EBE1082_049_30r,18,αὐσίς
b_5553899179,3.EBE1082,EBE1082_066_46v,5,διάζευξις
b_5553899179,3.EBE1082,EBE1082_069_50r,8,δολιχεύουσιν
b_5553899179,3.EBE1082,EBE1082_063_44r,14,δέψα
b_5553899179,3.EBE1082,EBE1082_053_33v,16,βάναυσος
b_5553899179,3.EBE1082,EBE1082_063_43v,25,δαιδαλόχειρ
b_5553899179,3.EBE1082,EBE1082_063_44r,23,δεῖπνον
b_5553899179,3.EBE1082,EBE1082_053_33v,14,βάμβλα
b_5553899179,3.EBE1082,EBE1082_049_30r,12,αὐλῶνες
b_5553899179,3.EBE1082,EBE1082_056_37r,20,βραστών
b_5553899179,3.EBE1082,EBE1082_050_31r,16,ἄφενος
b_5553899179,3.EBE1082,EBE1082_064_44v,5,δεδειχότ(ας)
b_5553899179,3.EBE1082,EBE1082_067_47v,10,διατριβή
b_5553899179,3.EBE1082,EBE1082_050_31r,6,ἄφαντο
b_5553899179,3.EBE1082,EBE1082_057_37v,19,βρόμιος
b_5553899179,3.EBE1082,EBE1082_051_32r,18,ἀχνύμ(εν)ο(ς)!
b_5553899179,3.EBE1082,EBE1082_064_45r,2,ἐνεδρεύων
b_5553899179,3.EBE1082,EBE1082_057_38r,22,βωμός
b_5553899179,3.EBE1082,EBE1082_058_39r,2,γαλή
b_5553899179,3.EBE1082,EBE1082_052_32v,8,ἄψαι
b_5553899179,3.EBE1082,EBE1082_056_37r,21,βραχέα
b_5553899179,3.EBE1082,EBE1082_059_39v,18,γεῖσσον
b_5553899179,3.EBE1082,EBE1082_057_37v,5,βρέμοντι
b_5553899179,3.EBE1082,EBE1082_066_47r,13,διαπρήσει
b_5553899179,3.EBE1082,EBE1082_061_42r,23,γραυδής
b_5553899179,3.EBE1082,EBE1082_059_40r,27,γῆρυς
b_5553899179,3.EBE1082,EBE1082_067_48r,29,δίαυλος
b_5553899179,3.EBE1082,EBE1082_064_44v,3,δέον
b_5553899179,3.EBE1082,EBE1082_051_31v,21,ἀφροντιστεῖ
b_5553899179,3.EBE1082,EBE1082_059_39v,8,γεράνος
b_5553899179,3.EBE1082,EBE1082_056_37r,2,βουχανδής
b_5553899179,3.EBE1082,EBE1082_060_40v,5,γήειον
b_5553899179,3.EBE1082,EBE1082_054_35r,4,βέβακεν
b_5553899179,3.EBE1082,EBE1082_057_37v,18,βροτολιγός
b_5553899179,3.EBE1082,EBE1082_059_39v,28,γενικ(ῶς)
b_5553899179,3.EBE1082,EBE1082_062_43r,9,γωνεία
b_5553899179,3.EBE1082,EBE1082_054_35r,19,βηθλεεμίτης
b_5553899179,3.EBE1082,EBE1082_067_47v,13,διατείνασθαι
b_5553899179,3.EBE1082,EBE1082_058_38v,14,γαισσός
b_5553899179,3.EBE1082,EBE1082_068_49r,14,δίπαλτον
b_5553899179,3.EBE1082,EBE1082_064_45r,16,δέδορκεν
b_5553899179,3.EBE1082,EBE1082_065_46r,9,δῆτα
b_5553899179,3.EBE1082,EBE1082_055_35v,6,βιβλίον
b_5553899179,3.EBE1082,EBE1082_069_49v,1,διωκισμ(έν)ο(ς)
b_5553899179,3.EBE1082,EBE1082_056_37r,26,βρασμός γῆς
b_5553899179,3.EBE1082,EBE1082_052_32v,18,ἄωτος
b_5553899179,3.EBE1082,EBE1082_061_42r,22,γραμματεί(ας)
b_5553899179,3.EBE1082,EBE1082_063_43v,12,δασμολογῶ
b_5553899179,3.EBE1082,EBE1082_063_43v,5,δανά
b_5553899179,3.EBE1082,EBE1082_062_42v,5,γρυῶ
b_5553899179,3.EBE1082,EBE1082_066_46v,2,διδασκαλεῖ(ον)
b_5553899179,3.EBE1082,EBE1082_052_32v,21,ἀωρῶ
b_5553899179,3.EBE1082,EBE1082_064_44v,25,δεκατεύειν
b_5553899179,3.EBE1082,EBE1082_061_42r,10,γράσος
b_5553899179,3.EBE1082,EBE1082_050_30v,8,αὐτοβοή
b_5553899179,3.EBE1082,EBE1082_057_38r,1,βροῦχος
b_5553899179,3.EBE1082,EBE1082_059_40r,21,γέφυρα
b_5553899179,3.EBE1082,EBE1082_054_34v,25,βεβίωκα
b_5553899179,3.EBE1082,EBE1082_066_47r,2,διάνοια
b_5553899179,3.EBE1082,EBE1082_055_36r,13,βλίκαρος
b_5553899179,3.EBE1082,EBE1082_065_45v,3,δημϊουργός
b_5553899179,3.EBE1082,EBE1082_050_31r,20,ἄφεσις
b_5553899179,3.EBE1082,EBE1082_063_44r,1,δαίμων
b_5553899179,3.EBE1082,EBE1082_066_46v,15,διακοσμισθεῖς
b_5553899179,3.EBE1082,EBE1082_063_44r,9,δεξιόλαβος
b_5553899179,3.EBE1082,EBE1082_052_32v,17,ἀωτεύειν
b_5553899179,3.EBE1082,EBE1082_065_45v,12,δησέρτωρ
b_5553899179,3.EBE1082,EBE1082_062_43r,3,γαργαλίζοντες
b_5553899179,3.EBE1082,EBE1082_068_49r,11,διόροφα
b_5553899179,3.EBE1082,EBE1082_051_32r,4,ἀχανής
b_5553899179,3.EBE1082,EBE1082_069_49v,21,δοκησίφρων
b_5553899179,3.EBE1082,EBE1082_057_37v,16,βρόχθος
b_5553899179,3.EBE1082,EBE1082_053_34r,24,βάσκηθι
b_5553899179,3.EBE1082,EBE1082_066_46v,7,διαθέσεις
b_5553899179,3.EBE1082,EBE1082_058_38v,4,βωτιάνειρα
b_5553899179,3.EBE1082,EBE1082_057_38r,3,βρύχϊον
b_5553899179,3.EBE1082,EBE1082_061_42r,3,γόργια
b_5553899179,3.EBE1082,EBE1082_053_33v,24,βάρβιτος
b_5553899179,3.EBE1082,EBE1082_065_45v,17,δηλαϊστή
b_5553899179,3.EBE1082,EBE1082_058_39r,9,γαμετὴ
b_5553899179,3.EBE1082,EBE1082_050_31r,27,ἀφηβηκότι
b_5553899179,3.EBE1082,EBE1082_058_38v,19,γαλαθινόν
b_5553899179,3.EBE1082,EBE1082_055_36r,25,βόες
b_5553899179,3.EBE1082,EBE1082_056_36v,8,βοηλάτης
b_5553899179,3.EBE1082,EBE1082_052_32v,16,ἀώρτο
b_5553899179,3.EBE1082,EBE1082_058_39r,25,γεννάδας
b_5553899179,3.EBE1082,EBE1082_063_43v,2,δαψιλεία
b_5553899179,3.EBE1082,EBE1082_066_46v,25,διαμερίσας
b_5553899179,3.EBE1082,EBE1082_051_31v,18,ἀφρήτωρ
b_5553899179,3.EBE1082,EBE1082_050_30v,26,αὐχέω
b_5553899179,3.EBE1082,EBE1082_052_32v,6,ἀψίς
b_5553899179,3.EBE1082,EBE1082_050_30v,24,αὔχνη
b_5553899179,3.EBE1082,EBE1082_069_49v,5,δμῶες
b_5553899179,3.EBE1082,EBE1082_051_32r,20,ἄχος
b_5553899179,3.EBE1082,EBE1082_052_33r,27,βάλακες
b_5553899179,3.EBE1082,EBE1082_049_30r,6,αὐλία
b_5553899179,3.EBE1082,EBE1082_051_31v,10,ἄφθιτον
b_5553899179,3.EBE1082,EBE1082_068_49r,5,διοίσομαι
b_5553899179,3.EBE1082,EBE1082_065_46r,5,δῆθεν
b_5553899179,3.EBE1082,EBE1082_068_49r,30,διοπτὴρ
b_5553899179,3.EBE1082,EBE1082_053_34r,3,βάρεις
b_5553899179,3.EBE1082,EBE1082_067_48r,10,διεντεύξεως
b_5553899179,3.EBE1082,EBE1082_062_42v,12,γύνις
b_5553899179,3.EBE1082,EBE1082_052_33r,14,βάζει
b_5553899179,3.EBE1082,EBE1082_060_40v,24,γλωσσόκομον
b_5553899179,3.EBE1082,EBE1082_059_39v,22,γένυς
b_5553899179,3.EBE1082,EBE1082_062_43r,24,δάδα
b_5553899179,3.EBE1082,EBE1082_060_40v,23,γλωσσαλγία
b_5553899179,3.EBE1082,EBE1082_061_41v,1,γνωτῆ
b_5553899179,3.EBE1082,EBE1082_064_45r,17,δεῖ
b_5553899179,3.EBE1082,EBE1082_054_35r,1,βέβιξ
b_5553899179,3.EBE1082,EBE1082_052_33r,10,βαδίζω
b_5553899179,3.EBE1082,EBE1082_059_39v,16,γένεσις
b_5553899179,3.EBE1082,EBE1082_063_43v,17,δαιάζω
b_5553899179,3.EBE1082,EBE1082_058_39r,21,γαῦρος
b_5553899179,3.EBE1082,EBE1082_069_50r,2,δόλωνες
b_5553899179,3.EBE1082,EBE1082_066_47r,20,δίαρμα
b_5553899179,3.EBE1082,EBE1082_058_38v,23,γαλέα
b_5553899179,3.EBE1082,EBE1082_063_44r,11,δειδήμων
b_5553899179,3.EBE1082,EBE1082_056_36v,15,βορά
b_5553899179,3.EBE1082,EBE1082_062_42v,3,γρυππίζω
b_5553899179,3.EBE1082,EBE1082_065_46r,24,διαγκωνισάμ(εν)ο(ς)
b_5553899179,3.EBE1082,EBE1082_061_41v,21,γοερόν
b_5553899179,3.EBE1082,EBE1082_056_36v,18,βόσις
b_5553899179,3.EBE1082,EBE1082_068_48v,3,διἐψεύθη
b_5553899179,3.EBE1082,EBE1082_065_45v,5,δηλήμων
b_5553899179,3.EBE1082,EBE1082_057_37v,21,βροτός
b_5553899179,3.EBE1082,EBE1082_051_31v,2,ἀφηγεῖσθαι
b_5553899179,3.EBE1082,EBE1082_067_47v,27,διαψεύδομαι
b_5553899179,3.EBE1082,EBE1082_062_43r,2,γάϊος
b_5553899179,3.EBE1082,EBE1082_067_48r,23,διεπρίοντο
b_5553899179,3.EBE1082,EBE1082_065_45v,13,δηΐς
b_5553899179,3.EBE1082,EBE1082_055_36r,9,βλεμεᾶ
b_5553899179,3.EBE1082,EBE1082_066_46v,18,διακρούεσθαι
b_5553899179,3.EBE1082,EBE1082_062_42v,18,γυμνασία
b_5553899179,3.EBE1082,EBE1082_057_37v,1,βρενθύεται
b_5553899179,3.EBE1082,EBE1082_065_45v,28,δηΐων
b_5553899179,3.EBE1082,EBE1082_062_43r,10,γῶ
b_5553899179,3.EBE1082,EBE1082_058_38v,5,βώτορες
b_5553899179,3.EBE1082,EBE1082_056_36v,13,βορβορυγμός
b_5553899179,3.EBE1082,EBE1082_070_50v,14,δρακάζεις
b_5553899179,3.EBE1082,EBE1082_069_50r,4,δόλος
b_5553899179,3.EBE1082,EBE1082_067_47v,8,διασαφεῖ
b_5553899179,3.EBE1082,EBE1082_058_39r,24,γειώρας
b_5553899179,3.EBE1082,EBE1082_070_50v,20,δραπανηφόρο(ς)
b_5553899179,3.EBE1082,EBE1082_055_36r,17,βλύζει
b_5553899179,3.EBE1082,EBE1082_067_48r,15,διεκρούσατο
b_5553899179,3.EBE1082,EBE1082_068_48v,5,διζήμ(εν)ο(ς)
b_5553899179,3.EBE1082,EBE1082_055_35v,24,βλάξ
b_5553899179,3.EBE1082,EBE1082_066_47r,17,διαπονηθείς
b_5553899179,3.EBE1082,EBE1082_059_39v,6,γεοῦχος
b_5553899179,3.EBE1082,EBE1082_056_37r,8,βουβριστή
b_5553899179,3.EBE1082,EBE1082_056_36v,2,βόθυνος
b_5553899179,3.EBE1082,EBE1082_067_48r,14,διεἰληφότ(ες)
b_5553899179,3.EBE1082,EBE1082_065_46r,13,διαβούλια
b_5553899179,3.EBE1082,EBE1082_067_47v,24,διαχεῖν
b_5553899179,3.EBE1082,EBE1082_054_35r,2,βέβυστο
b_5553899179,3.EBE1082,EBE1082_057_37v,2,βρεκεκὲξ κοὰξ κοάξ
b_5553899179,3.EBE1082,EBE1082_065_46r,19,διαγνώμων
b_5553899179,3.EBE1082,EBE1082_053_34r,21,βασίλει(ον) ἱεράτευμ(α)
b_5553899179,3.EBE1082,EBE1082_069_50r,11,δόμησις
b_5553899179,3.EBE1082,EBE1082_070_50v,17,δραματουργία
b_5553899179,3.EBE1082,EBE1082_069_49v,9,δμηθήτω
b_5553899179,3.EBE1082,EBE1082_067_48r,7,διἐνήνοχ(εν)
b_5553899179,3.EBE1082,EBE1082_067_47v,16,διαφερόμ(εν)ο(ς)
b_5553899179,3.EBE1082,EBE1082_051_31v,14,ἀφόρητον
b_5553899179,3.EBE1082,EBE1082_070_50v,31,δρϊμύς
b_5553899179,3.EBE1082,EBE1082_069_49v,2,διόνυμ(ον)
b_5553899179,3.EBE1082,EBE1082_070_50v,7,δουλωσάμ(εν)ο(ς)
b_5553899179,3.EBE1082,EBE1082_063_44r,24,δέπας
b_5553899179,3.EBE1082,EBE1082_064_44v,15,δέδειχα
b_5553899179,3.EBE1082,EBE1082_067_47v,14,διατεθρυμμ(έν)ο(ς)
b_5553899179,3.EBE1082,EBE1082_062_42v,26,γωλιός
b_5553899179,3.EBE1082,EBE1082_059_39v,4,γελοῖς
b_5553899179,3.EBE1082,EBE1082_064_44v,14,δεδιῶς
b_5553899179,3.EBE1082,EBE1082_056_37r,10,βουθύτης
b_5553899179,3.EBE1082,EBE1082_069_49v,14,δογματίζει
b_5553899179,3.EBE1082,EBE1082_067_48r,1,διειδές
b_5553899179,3.EBE1082,EBE1082_059_40r,24,γηγενής
b_5553899179,3.EBE1082,EBE1082_051_31v,7,ἀφιέρωσεν
b_5553899179,3.EBE1082,EBE1082_064_44v,13,δεκτέον
b_5553899179,3.EBE1082,EBE1082_049_30r,17,αὔσας
b_5553899179,3.EBE1082,EBE1082_060_40v,17,γίγνου
b_5553899179,3.EBE1082,EBE1082_066_47r,11,διαπυνθάνετο
b_5553899179,3.EBE1082,EBE1082_052_33r,6,βαβῶ! τιθηνή
b_5553899179,3.EBE1082,EBE1082_050_31r,5,ἀφάροτος
b_5553899179,3.EBE1082,EBE1082_056_36v,26,βουληφόρος
b_5553899179,3.EBE1082,EBE1082_070_50v,32,δρομάδην
b_5553899179,3.EBE1082,EBE1082_066_47r,14,διαπτάντος
b_5553899179,3.EBE1082,EBE1082_050_30v,15,αὐτοσχεδόν
b_5553899179,3.EBE1082,EBE1082_065_46r,27,διαδρᾶναι
b_5553899179,3.EBE1082,EBE1082_056_37r,17,βραβεῖον
b_5553899179,3.EBE1082,EBE1082_065_46r,22,διαγορεύει
b_5553899179,3.EBE1082,EBE1082_060_40v,16,γινώσκει
b_5553899179,3.EBE1082,EBE1082_063_43v,8,δαμέντες
b_5553899179,3.EBE1082,EBE1082_062_43r,13,δανηήλ
b_5553899179,3.EBE1082,EBE1082_065_45v,20,δῆλον
b_5553899179,3.EBE1082,EBE1082_049_30r,2,αὐθωρίτως
b_5553899179,3.EBE1082,EBE1082_058_39r,16,γαστὴρ
b_5553899179,3.EBE1082,EBE1082_053_34r,4,βαρεί(ας) χεῖρ(ας
b_5553899179,3.EBE1082,EBE1082_065_45v,18,δηῶ
b_5553899179,3.EBE1082,EBE1082_068_48v,19,δικτάτωρ
b_5553899179,3.EBE1082,EBE1082_054_34v,12,βδελλυρός
b_5553899179,3.EBE1082,EBE1082_055_35v,25,βλακία
b_5553899179,3.EBE1082,EBE1082_050_30v,13,αὐτοφυέστατ(ον)!
b_5553899179,3.EBE1082,EBE1082_067_48r,20,διέξεισιν
b_5553899179,3.EBE1082,EBE1082_050_31r,7,ἄφαντον φῶς
b_5553899179,3.EBE1082,EBE1082_051_31v,23,ἄφραστον
b_5553899179,3.EBE1082,EBE1082_053_34r,23,βάσκανος
b_5553899179,3.EBE1082,EBE1082_065_46r,23,διαγγελλομένους
b_5553899179,3.EBE1082,EBE1082_062_43r,18,δάσκιος
b_5553899179,3.EBE1082,EBE1082_057_38r,16,βύσωσι
b_5553899179,3.EBE1082,EBE1082_065_45v,21,δημοδέστερ(ον)
b_5553899179,3.EBE1082,EBE1082_061_42r,21,γραμμή
b_5553899179,3.EBE1082,EBE1082_054_35r,24,βῆμα
b_5553899179,3.EBE1082,EBE1082_063_43v,19,δαίδω
b_5553899179,3.EBE1082,EBE1082_050_30v,16,αὕτως
b_5553899179,3.EBE1082,EBE1082_063_43v,16,δαῖτα
b_5553899179,3.EBE1082,EBE1082_061_42r,17,γρίσον
b_5553899179,3.EBE1082,EBE1082_060_41r,6,γλυκυδερκ(ές)
b_5553899179,3.EBE1082,EBE1082_061_42r,25,γράμματα
b_5553899179,3.EBE1082,EBE1082_058_39r,8,γαμφηλή
b_5553899179,3.EBE1082,EBE1082_050_30v,17,αὔχημα
b_5553899179,3.EBE1082,EBE1082_069_50r,24,δορά
b_5553899179,3.EBE1082,EBE1082_063_43v,7,δανότατον
b_5553899179,3.EBE1082,EBE1082_063_43v,10,δαΐζων
b_5553899179,3.EBE1082,EBE1082_062_43r,7,γέρα
b_5553899179,3.EBE1082,EBE1082_056_36v,10,βομβό[..]ον
b_5553899179,3.EBE1082,EBE1082_065_46r,7,δηθά
b_5553899179,3.EBE1082,EBE1082_062_42v,25,γωρυτός
b_5553899179,3.EBE1082,EBE1082_056_36v,22,βόστρυχοι
b_5553899179,3.EBE1082,EBE1082_057_38r,12,βυκάνη
b_5553899179,3.EBE1082,EBE1082_051_32r,15,ἀχθοφοροῦντ(ας)
b_5553899179,3.EBE1082,EBE1082_067_47v,26,διάχυσις
b_5553899179,3.EBE1082,EBE1082_063_44r,22,δεκτόν
b_5553899179,3.EBE1082,EBE1082_056_37r,15,βράβυλα
b_5553899179,3.EBE1082,EBE1082_063_44r,18,δέμνια
b_5553899179,3.EBE1082,EBE1082_053_33v,21,βάραμηνής
b_5553899179,3.EBE1082,EBE1082_069_49v,11,δνοπάλιξις
b_5553899179,3.EBE1082,EBE1082_060_41r,4,γλωσσαλγία
b_5553899179,3.EBE1082,EBE1082_061_41v,20,γογγύλιον
b_5553899179,3.EBE1082,EBE1082_052_32v,23,βαάξ
b_5553899179,3.EBE1082,EBE1082_062_43r,25,δαδοῦχο(ς)
b_5553899179,3.EBE1082,EBE1082_057_37v,12,βριαρέως
b_5553899179,3.EBE1082,EBE1082_063_44r,4,δεξίος
b_5553899179,3.EBE1082,EBE1082_056_37r,13,βραχίων
b_5553899179,3.EBE1082,EBE1082_066_46v,6,διαθέων
b_5553899179,3.EBE1082,EBE1082_067_47v,3,διάστασις
b_5553899179,3.EBE1082,EBE1082_067_48r,21,διέπει
b_5553899179,3.EBE1082,EBE1082_049_30r,4,αὐλαία
b_5553899179,3.EBE1082,EBE1082_056_36v,3,βόμβηξ
b_5553899179,3.EBE1082,EBE1082_050_31r,26,ἀφετηρία
b_5553899179,3.EBE1082,EBE1082_062_43r,5,γέραιρεν
b_5553899179,3.EBE1082,EBE1082_051_31v,13,ἀφοσίωσις
b_5553899179,3.EBE1082,EBE1082_058_39r,26,γείσι(ον) κ(αὶ) γεισός
b_5553899179,3.EBE1082,EBE1082_069_50r,7,δολοχόν
b_5553899179,3.EBE1082,EBE1082_052_32v,10,ἄψορρος
b_5553899179,3.EBE1082,EBE1082_053_33v,10,βαλμός
b_5553899179,3.EBE1082,EBE1082_066_47r,4,διανεῖμαι
b_5553899179,3.EBE1082,EBE1082_059_40r,23,γέσος
b_5553899179,3.EBE1082,EBE1082_068_49r,6,διολλύει
b_5553899179,3.EBE1082,EBE1082_051_32r,12,ἀχηνία
b_5553899179,3.EBE1082,EBE1082_060_40v,19,γλοιώδης
b_5553899179,3.EBE1082,EBE1082_055_36r,18,βλύδϊον
b_5553899179,3.EBE1082,EBE1082_055_36r,14,βλίτυρι
b_5553899179,3.EBE1082,EBE1082_065_45v,9,δημελέητο(ς)
b_5553899179,3.EBE1082,EBE1082_059_39v,32,γίτια
b_5553899179,3.EBE1082,EBE1082_054_35r,18,βέχειρ
b_5553899179,3.EBE1082,EBE1082_061_42r,14,γρίτης
b_5553899179,3.EBE1082,EBE1082_052_33r,25,βάκτρον
b_5553899179,3.EBE1082,EBE1082_056_37r,14,βραχυτελές
b_5553899179,3.EBE1082,EBE1082_054_34v,4,βαττολογία
b_5553899179,3.EBE1082,EBE1082_068_49r,10,διοριστέ(ον)
b_5553899179,3.EBE1082,EBE1082_057_38r,18,βύσσιν(ον)
b_5553899179,3.EBE1082,EBE1082_066_47r,25,διαρκῶς
b_5553899179,3.EBE1082,EBE1082_060_40v,2,γηθοσύνη
b_5553899179,3.EBE1082,EBE1082_059_39v,9,γεγύρα
b_5553899179,3.EBE1082,EBE1082_070_50v,16,δράμα
b_5553899179,3.EBE1082,EBE1082_062_43r,15,δαλός
b_5553899179,3.EBE1082,EBE1082_061_42r,9,γοῦν
b_5553899179,3.EBE1082,EBE1082_054_35r,16,βέρεθρον
b_5553899179,3.EBE1082,EBE1082_059_40r,15,γενεᾶ
b_5553899179,3.EBE1082,EBE1082_061_42r,15,γρίντης
b_5553899179,3.EBE1082,EBE1082_065_46r,10,δήπου
b_5553899179,3.EBE1082,EBE1082_059_40r,17,γενέτειρα
b_5553899179,3.EBE1082,EBE1082_062_42v,4,γρυππίζω
b_5553899179,3.EBE1082,EBE1082_060_40v,9,γηθωσύνως
b_5553899179,3.EBE1082,EBE1082_057_38r,21,βῶλος
b_5553899179,3.EBE1082,EBE1082_050_31r,19,ἀφέμενος
b_5553899179,3.EBE1082,EBE1082_065_46r,4,δημοῦσθαι
b_5553899179,3.EBE1082,EBE1082_059_40r,11,γέγηθει
b_5553899179,3.EBE1082,EBE1082_066_47r,23,διαθροῦν
b_5553899179,3.EBE1082,EBE1082_058_38v,18,γάλα
b_5553899179,3.EBE1082,EBE1082_057_38r,10,βύθιος
b_5553899179,3.EBE1082,EBE1082_057_37v,11,βριήπιος
b_5553899179,3.EBE1082,EBE1082_066_46v,11,διάκτορος
b_5553899179,3.EBE1082,EBE1082_049_30r,24,αὐτίκα
b_5553899179,3.EBE1082,EBE1082_066_47r,6,διαπρύσιος
b_5553899179,3.EBE1082,EBE1082_064_44v,6,δεδοκημ(έν)ο(ς)
b_5553899179,3.EBE1082,EBE1082_065_45v,1,δημοβόρος
b_5553899179,3.EBE1082,EBE1082_056_37r,1,βούπαλος
b_5553899179,3.EBE1082,EBE1082_051_31v,6,ἀφίκεσται
b_5553899179,3.EBE1082,EBE1082_068_48v,14,διἰθύνων
b_5553899179,3.EBE1082,EBE1082_053_33v,2,βάκηλος
b_5553899179,3.EBE1082,EBE1082_063_43v,24,δαιμίνισσος
b_5553899179,3.EBE1082,EBE1082_052_33r,5,βαβυλών
b_5553899179,3.EBE1082,EBE1082_067_47v,25,διαχειρίζεται
b_5553899179,3.EBE1082,EBE1082_068_49r,2,διορία
b_5553899179,3.EBE1082,EBE1082_056_37r,3,βουκέλλατον
b_5553899179,3.EBE1082,EBE1082_053_34r,10,βαρύτιμος
b_5553899179,3.EBE1082,EBE1082_054_35r,10,βέλτερον
b_5553899179,3.EBE1082,EBE1082_068_48v,11,διήνεγκαν
b_5553899179,3.EBE1082,EBE1082_054_34v,9,βαυθές
b_5553899179,3.EBE1082,EBE1082_060_40v,22,γλυκύθυμο(ς)
b_5553899179,3.EBE1082,EBE1082_049_30r,19,αὐτάρ
b_5553899179,3.EBE1082,EBE1082_061_42r,7,γόρνη
b_5553899179,3.EBE1082,EBE1082_058_38v,13,γαιηρά
b_5553899179,3.EBE1082,EBE1082_064_44v,7,δεδραγμ(έν)ο(ς)
b_5553899179,3.EBE1082,EBE1082_059_39v,19,γειότομ(ον)
b_5553899179,3.EBE1082,EBE1082_070_50v,28,δρέψασθαι
b_5553899179,3.EBE1082,EBE1082_055_35v,4,βῆ
b_5553899179,3.EBE1082,EBE1082_049_30r,11,αὐλονίζει
b_5553899179,3.EBE1082,EBE1082_055_35v,22,βιώτω
b_5553899179,3.EBE1082,EBE1082_069_49v,20,δοκησίσοφος
b_5553899179,3.EBE1082,EBE1082_062_42v,15,γυμνοσοφισταί
b_5553899179,3.EBE1082,EBE1082_049_30r,22,αὐτεπάγγελτο(ς)
b_5553899179,3.EBE1082,EBE1082_056_37r,22,βραδύγλωσσος
b_5553899179,3.EBE1082,EBE1082_070_50v,4,δοῦλος
b_5553899179,3.EBE1082,EBE1082_065_45v,24,δήξω
b_5553899179,3.EBE1082,EBE1082_059_40r,7,γεγράψομαι
b_5553899179,3.EBE1082,EBE1082_056_36v,23,βοτά
b_5553899179,3.EBE1082,EBE1082_058_39r,1,γαλλία
b_5553899179,3.EBE1082,EBE1082_050_30v,9,αὐτοκράτωρ
b_5553899179,3.EBE1082,EBE1082_068_48v,4,δίζω
b_5553899179,3.EBE1082,EBE1082_062_42v,20,γυναικιζόμ(εν)ο(ς)
b_5553899179,3.EBE1082,EBE1082_060_41r,1,γλήχων
b_5553899179,3.EBE1082,EBE1082_052_33r,16,βαθυπήνης
b_5553899179,3.EBE1082,EBE1082_054_35r,20,βηθῦλος
b_5553899179,3.EBE1082,EBE1082_059_40r,10,γεραίρειν
b_5553899179,3.EBE1082,EBE1082_051_32r,9,ἀχερούσια
b_5553899179,3.EBE1082,EBE1082_062_43r,12,δαήμονες
b_5553899179,3.EBE1082,EBE1082_069_49v,15,δόκησις
b_5553899179,3.EBE1082,EBE1082_061_41v,7,γνωμοδοτῶ
b_5553899179,3.EBE1082,EBE1082_067_47v,20,διαφανῶς
b_5553899179,3.EBE1082,EBE1082_057_38r,13,βύκηνον
b_5553899179,3.EBE1082,EBE1082_058_38v,21,γαλερός
b_5553899179,3.EBE1082,EBE1082_052_33r,2,βάβυκα
b_5553899179,3.EBE1082,EBE1082_062_43r,16,δασμός
b_5553899179,3.EBE1082,EBE1082_054_35r,14,βενιαμήν
b_5553899179,3.EBE1082,EBE1082_065_45v,2,δημαγωγός
b_5553899179,3.EBE1082,EBE1082_056_36v,27,βουάϊος
b_5553899179,3.EBE1082,EBE1082_051_31v,22,ἀφραδέως
b_5553899179,3.EBE1082,EBE1082_061_42r,11,γραμματοκύφων
b_5553899179,3.EBE1082,EBE1082_061_41v,5,γνωματεύειν
b_5553899179,3.EBE1082,EBE1082_055_35v,23,βιωσίμως
b_5553899179,3.EBE1082,EBE1082_068_49r,4,διόπρα
b_5553899179,3.EBE1082,EBE1082_054_34v,17,βδύλλει
b_5553899179,3.EBE1082,EBE1082_051_31v,12,ἄφθοδος
b_5553899179,3.EBE1082,EBE1082_054_35r,23,βῆμα
b_5553899179,3.EBE1082,EBE1082_069_50r,16,δόξα
b_5553899179,3.EBE1082,EBE1082_067_48r,2,διειλημμέν(ας)
b_5553899179,3.EBE1082,EBE1082_065_46r,21,διάγνωθι
b_5553899179,3.EBE1082,EBE1082_065_45v,8,δηλάτωρ
b_5553899179,3.EBE1082,EBE1082_051_32r,17,ἄχνους
b_5553899179,3.EBE1082,EBE1082_052_33r,7,βάγιον
b_5553899179,3.EBE1082,EBE1082_064_44v,18,δειμάμ(εν)οι
b_5553899179,3.EBE1082,EBE1082_055_36r,6,βλαύρια
b_5553899179,3.EBE1082,EBE1082_056_36v,14,βορρὰς
b_5553899179,3.EBE1082,EBE1082_050_30v,19,αὐχήν
b_5553899179,3.EBE1082,EBE1082_052_33r,17,βαιόν
b_5553899179,3.EBE1082,EBE1082_053_34r,1,βαργάθωμος
b_5553899179,3.EBE1082,EBE1082_052_33r,21,βάκχη
b_5553899179,3.EBE1082,EBE1082_059_40r,9,γεμίζω
b_5553899179,3.EBE1082,EBE1082_050_31r,14,ἁφαῖς
b_5553899179,3.EBE1082,EBE1082_069_49v,13,δόγματα
b_5553899179,3.EBE1082,EBE1082_069_50r,19,δόξα
b_5553899179,3.EBE1082,EBE1082_049_30r,25,αὐτοτελής
b_5553899179,3.EBE1082,EBE1082_069_49v,17,δοκέων
b_5553899179,3.EBE1082,EBE1082_068_48v,23,δικρανές
b_5553899179,3.EBE1082,EBE1082_054_34v,5,βαττόλαλος
b_5553899179,3.EBE1082,EBE1082_054_35r,6,βεκκεσέληνε
b_5553899179,3.EBE1082,EBE1082_063_44r,17,δέμας
b_5553899179,3.EBE1082,EBE1082_053_33v,17,βαναυσία
b_5553899179,3.EBE1082,EBE1082_063_44r,10,δειλός
b_5553899179,3.EBE1082,EBE1082_055_36r,11,βλιάζει
b_5553899179,3.EBE1082,EBE1082_057_37v,3,βρέμεται
b_5553899179,3.EBE1082,EBE1082_056_37r,9,βούβαλος
b_5553899179,3.EBE1082,EBE1082_067_47v,18,διαφερόντως
b_5553899179,3.EBE1082,EBE1082_063_43v,13,δάξα
b_5553899179,3.EBE1082,EBE1082_055_36r,24,βοαδρόμο(ς)
b_5553899179,3.EBE1082,EBE1082_061_41v,18,γορωπὸς
b_5553899179,3.EBE1082,EBE1082_053_33v,7,βαλανεύσαι
b_5553899179,3.EBE1082,EBE1082_068_48v,2,διέχει
b_5553899179,3.EBE1082,EBE1082_056_37r,4,βούλευμα
b_5553899179,3.EBE1082,EBE1082_056_36v,5,βολίς
b_5553899179,3.EBE1082,EBE1082_062_43r,11,γῶ
b_5553899179,3.EBE1082,EBE1082_053_33v,8,βάλιον
b_5553899179,3.EBE1082,EBE1082_053_34r,22,βασιλεία
b_5553899179,3.EBE1082,EBE1082_054_34v,23,βεβώς
b_5553899179,3.EBE1082,EBE1082_061_41v,15,γορρός
b_5553899179,3.EBE1082,EBE1082_059_39v,29,γενέσια
b_5553899179,3.EBE1082,EBE1082_052_33r,23,βακχεύοντ(ες)
b_5553899179,3.EBE1082,EBE1082_057_37v,9,βρίμος
b_5553899179,3.EBE1082,EBE1082_061_41v,10,γόης
b_5553899179,3.EBE1082,EBE1082_055_35v,17,βίολα
b_5553899179,3.EBE1082,EBE1082_052_33r,19,βαιθάλη
b_5553899179,3.EBE1082,EBE1082_064_44v,21,δεκάζειν
b_5553899179,3.EBE1082,EBE1082_067_47v,21,διαφύγαν(ον)
b_5553899179,3.EBE1082,EBE1082_054_35r,3,βέβιον
b_5553899179,3.EBE1082,EBE1082_059_40r,5,γέγγει
b_5553899179,3.EBE1082,EBE1082_057_37v,22,βρόμος
b_5553899179,3.EBE1082,EBE1082_068_48v,10,διήρτισται
b_5553899179,3.EBE1082,EBE1082_054_34v,20,βέβηκεν
b_5553899179,3.EBE1082,EBE1082_050_31r,25,ἀφηγῆ
b_5553899179,3.EBE1082,EBE1082_070_50v,18,δραξάμ(εν)ο(ς)
b_5553899179,3.EBE1082,EBE1082_065_45v,27,δήετε
b_5553899179,3.EBE1082,EBE1082_054_35r,5,βέβρυχεν
b_5553899179,3.EBE1082,EBE1082_060_40v,4,γηραλέα
b_5553899179,3.EBE1082,EBE1082_068_48v,22,δικαιώματα
b_5553899179,3.EBE1082,EBE1082_051_31v,25,ἀφυής
b_5553899179,3.EBE1082,EBE1082_059_40r,6,γέντο
b_5553899179,3.EBE1082,EBE1082_069_50r,21,δόρπος
b_5553899179,3.EBE1082,EBE1082_056_36v,4,βομβαλβιος
b_5553899179,3.EBE1082,EBE1082_057_38r,9,βύβλος
b_5553899179,3.EBE1082,EBE1082_059_39v,1,γεηπόνος
b_5553899179,3.EBE1082,EBE1082_055_35v,8,βίβημϊ
b_5553899179,3.EBE1082,EBE1082_057_38r,2,βρυάζει
b_5553899179,3.EBE1082,EBE1082_059_39v,2,γενεθλολογία
b_5553899179,3.EBE1082,EBE1082_066_46v,20,διακέρσαι
b_5553899179,3.EBE1082,EBE1082_061_41v,13,γούνων
b_5553899179,3.EBE1082,EBE1082_061_42r,4,γογγυλίζει
b_5553899179,3.EBE1082,EBE1082_061_41v,3,γνώσις
b_5553899179,3.EBE1082,EBE1082_064_45r,10,δεδήει
b_5553899179,3.EBE1082,EBE1082_065_45v,16,δήρις
b_5553899179,3.EBE1082,EBE1082_054_35r,21,βῆλος
b_5553899179,3.EBE1082,EBE1082_058_39r,12,γαμβρός
b_5553899179,3.EBE1082,EBE1082_058_38v,7,γαβριήλ
b_5553899179,3.EBE1082,EBE1082_058_39r,3,γαλερωπό(ς)
b_5553899179,3.EBE1082,EBE1082_067_48r,6,διέθη
b_5553899179,3.EBE1082,EBE1082_060_40v,3,γη ζωντων
b_5553899179,3.EBE1082,EBE1082_050_30v,10,αυτονυχί
b_5553899179,3.EBE1082,EBE1082_056_37r,25,βραχέως
b_5553899179,3.EBE1082,EBE1082_068_48v,20,δίκαιος
b_5553899179,3.EBE1082,EBE1082_055_36r,2,βλάσφημο(ς)
b_5553899179,3.EBE1082,EBE1082_064_44v,26,δεδιττόμ(εν)ο(ς)
b_5553899179,3.EBE1082,EBE1082_067_48r,5,διέλιπ(εν)
b_5553899179,3.EBE1082,EBE1082_064_44v,27,δέδοιμι
b_5553899179,3.EBE1082,EBE1082_058_38v,15,γαζήται
b_5553899179,3.EBE1082,EBE1082_055_35v,9,βιβήξαντες
b_5553899179,3.EBE1082,EBE1082_051_32r,26,ἄχρωμον
b_5553899179,3.EBE1082,EBE1082_069_50r,18,δόξα
b_5553899179,3.EBE1082,EBE1082_059_39v,13,γενέη
b_5553899179,3.EBE1082,EBE1082_066_47r,7,διαπρεπής
b_5553899179,3.EBE1082,EBE1082_067_48r,22,διέπεσ(εν)
b_5553899179,3.EBE1082,EBE1082_060_40v,11,γιγαντιᾶ
b_5553899179,3.EBE1082,EBE1082_061_42r,13,γρίφος
b_5553899179,3.EBE1082,EBE1082_058_39r,14,γαργαρεὼν
b_5553899179,3.EBE1082,EBE1082_054_34v,16,βδέλλεται
b_5553899179,3.EBE1082,EBE1082_068_48v,1,διεφέροντο
b_5553899179,3.EBE1082,EBE1082_061_41v,19,γοργόνες
b_5553899179,3.EBE1082,EBE1082_068_48v,8,διήλασε
b_5553899179,3.EBE1082,EBE1082_051_31v,5,ἄφιξις
b_5553899179,3.EBE1082,EBE1082_068_49r,24,διχόθ(εν)
b_5553899179,3.EBE1082,EBE1082_053_33v,3,βακάντιμος
b_5553899179,3.EBE1082,EBE1082_057_37v,14,βρικάω
b_5553899179,3.EBE1082,EBE1082_053_34r,18,βασιλεῖ οὐ(ρα)νῶ
b_5553899179,3.EBE1082,EBE1082_051_31v,17,ἀφροσύνη
b_5553899179,3.EBE1082,EBE1082_066_47r,3,διανηξάμ(εν)οι
b_5553899179,3.EBE1082,EBE1082_070_50v,9,δόχμιον
b_5553899179,3.EBE1082,EBE1082_069_50r,22,δορυάλωτος
b_5553899179,3.EBE1082,EBE1082_051_32r,16,ἀχλύς
b_5553899179,3.EBE1082,EBE1082_058_38v,24,γαλεάγρα
b_5553899179,3.EBE1082,EBE1082_059_39v,12,γεωγραφία
b_5553899179,3.EBE1082,EBE1082_061_41v,14,γοργόλοπο(ς)
b_5553899179,3.EBE1082,EBE1082_050_30v,12,αὐτόγυον
b_5553899179,3.EBE1082,EBE1082_059_39v,24,γέρ(ας)
b_5553899179,3.EBE1082,EBE1082_054_34v,22,βεβυσμέν(ως)
b_5553899179,3.EBE1082,EBE1082_067_48r,24,διεσάφησαν
b_5553899179,3.EBE1082,EBE1082_062_42v,11,γύρος
b_5553899179,3.EBE1082,EBE1082_056_36v,12,βορβορόπην
b_5553899179,3.EBE1082,EBE1082_064_44v,8,δέρτρον
b_5553899179,3.EBE1082,EBE1082_056_37r,11,βραχύς
b_5553899179,3.EBE1082,EBE1082_064_44v,19,δεύω
b_5553899179,3.EBE1082,EBE1082_069_50r,3,δόλοψ
b_5553899179,3.EBE1082,EBE1082_065_45v,11,δημογέροντες
b_5553899179,3.EBE1082,EBE1082_060_40v,20,γλαυκός
b_5553899179,3.EBE1082,EBE1082_061_41v,6,γνωρίζω
b_5553899179,3.EBE1082,EBE1082_069_50r,12,δόματα
b_5553899179,3.EBE1082,EBE1082_070_50v,1,δοῦρα
b_5553899179,3.EBE1082,EBE1082_068_49r,23,διχοτομήματα
b_5553899179,3.EBE1082,EBE1082_064_45r,3,δεύειν
b_5553899179,3.EBE1082,EBE1082_049_30r,1,αὐθήμερον
b_5553899179,3.EBE1082,EBE1082_055_35v,3,βήσσεται
b_5553899179,3.EBE1082,EBE1082_059_40r,13,γεγονώς
b_5553899179,3.EBE1082,EBE1082_066_47r,5,διανυκτερεύοντ(ες)
b_5553899179,3.EBE1082,EBE1082_064_45r,15,δεῦρ’ ἀεί
b_5553899179,3.EBE1082,EBE1082_053_33v,5,βαλαΐδες
b_5553899179,3.EBE1082,EBE1082_050_30v,5,αὐτόστοιχος
b_5553899179,3.EBE1082,EBE1082_055_35v,21,βιώνης
b_5553899179,3.EBE1082,EBE1082_056_37r,19,βραβεύει
b_5553899179,3.EBE1082,EBE1082_063_43v,6,δάκρυον
b_5553899179,3.EBE1082,EBE1082_051_32r,19,ἀχνεύειν
b_5553899179,3.EBE1082,EBE1082_069_50r,23,δορυφόρος
b_5553899179,3.EBE1082,EBE1082_062_42v,6,γρῶ
b_5553899179,3.EBE1082,EBE1082_067_48r,4,δίεισι
b_5553899179,3.EBE1082,EBE1082_054_35r,22,βἠλω
b_5553899179,3.EBE1082,EBE1082_062_42v,19,γυμνασία
b_5553899179,3.EBE1082,EBE1082_066_46v,10,διε<αι>ρεῖτο
b_5553899179,3.EBE1082,EBE1082_059_40r,1,γεώρας
b_5553899179,3.EBE1082,EBE1082_055_36r,19,βλοσυρός
b_5553899179,3.EBE1082,EBE1082_054_34v,15,βδελυρῶς
b_5553899179,3.EBE1082,EBE1082_049_30r,5,αὔλαξ
b_5553899179,3.EBE1082,EBE1082_067_48r,9,διένδειαν φρεν(ῶν)
b_5553899179,3.EBE1082,EBE1082_058_39r,11,γαμοστόλος
b_5553899179,3.EBE1082,EBE1082_054_35r,17,βερέχεσθαι
b_5553899179,3.EBE1082,EBE1082_052_33r,18,βαιθήλ
b_5553899179,3.EBE1082,EBE1082_059_40r,2,γένος| δὲ
b_5553899179,3.EBE1082,EBE1082_067_47v,6,διαστιχόντ(ας)
b_5553899179,3.EBE1082,EBE1082_052_32v,14,ἀωρία
b_5553899179,3.EBE1082,EBE1082_062_43r,23,δαβήρ
b_5553899179,3.EBE1082,EBE1082_059_40r,12,γεγηθώς
b_5553899179,3.EBE1082,EBE1082_064_44v,10,δεδοκιμασμ(έν)α
b_5553899179,3.EBE1082,EBE1082_055_36r,20,βλωμός
b_5553899179,3.EBE1082,EBE1082_049_30r,7,αὐλίκουρες
b_5553899179,3.EBE1082,EBE1082_054_34v,7,βαυμήνης
b_5553899179,3.EBE1082,EBE1082_064_45r,19,δείνωσιν
b_5553899179,3.EBE1082,EBE1082_049_30r,21,αὐτεξούσιος
b_5553899179,3.EBE1082,EBE1082_050_31r,21,ἀφειδήσας
b_5553899179,3.EBE1082,EBE1082_053_34r,12,βραβεῖον
b_5553899179,3.EBE1082,EBE1082_057_37v,23,βροντή
b_5553899179,3.EBE1082,EBE1082_064_45r,23,δηθαιῶνες
b_5553899179,3.EBE1082,EBE1082_058_39r,6,γαμψόνυχος
b_5553899179,3.EBE1082,EBE1082_055_35v,26,βλακικῶς
b_5553899179,3.EBE1082,EBE1082_050_31r,8,ἀφανές
b_5553899179,3.EBE1082,EBE1082_054_34v,11,βαφεύς
b_5553899179,3.EBE1082,EBE1082_055_36r,8,βλέμμυες
b_5553899179,3.EBE1082,EBE1082_052_32v,19,ἄωρες
b_5553899179,3.EBE1082,EBE1082_066_47r,10,διαπεράνας
b_5553899179,3.EBE1082,EBE1082_068_49r,15,διπλοΐδα
b_5553899179,3.EBE1082,EBE1082_060_40v,14,γινώσκω
b_5553899179,3.EBE1082,EBE1082_069_49v,7,δμῆσις
b_5553899179,3.EBE1082,EBE1082_064_45r,7,δενδρυάζειν
b_5553899179,3.EBE1082,EBE1082_056_36v,17,βορόν
b_5553899179,3.EBE1082,EBE1082_055_36r,10,βληχρά
b_5553899179,3.EBE1082,EBE1082_060_40v,10,γήϊνος
b_5553899179,3.EBE1082,EBE1082_056_36v,21,βόστρυχοι
b_5553899179,3.EBE1082,EBE1082_053_34r,16,βασιλῆος
b_5553899179,3.EBE1082,EBE1082_064_45r,12,δεόντως
b_5553899179,3.EBE1082,EBE1082_060_40v,13,γιγαντώδης
b_5553899179,3.EBE1082,EBE1082_064_44v,11,δεδοξοποιημένο(ν)
b_5553899179,3.EBE1082,EBE1082_055_35v,12,βιός
b_5553899179,3.EBE1082,EBE1082_069_50r,17,δόξα
b_5553899179,3.EBE1082,EBE1082_061_42r,20,γρυταί
b_5553899179,3.EBE1082,EBE1082_065_45v,19,[δ]ηλητήρι(ον)
b_5553899179,3.EBE1082,EBE1082_050_31r,2,ἀφαυροτέροις
b_5553899179,3.EBE1082,EBE1082_056_37r,18,βραβευτής
b_5553899179,3.EBE1082,EBE1082_070_50v,10,δούλι(ον)
b_5553899179,3.EBE1082,EBE1082_061_42r,8,γόνος
b_5553899179,3.EBE1082,EBE1082_066_46v,16,διακρίνεται
b_5553899179,3.EBE1082,EBE1082_052_32v,15,ἀωρόλιθος
b_5553899179,3.EBE1082,EBE1082_053_33v,6,βάλος
b_5553899179,3.EBE1082,EBE1082_053_34r,2,βαρδίσαγνος
b_5553899179,3.EBE1082,EBE1082_057_37v,15,βριμήσαις
b_5553899179,3.EBE1082,EBE1082_059_39v,31,γέλγιδες
b_5553899179,3.EBE1082,EBE1082_069_50r,20,δοξάσαι
b_5553899179,3.EBE1082,EBE1082_059_39v,17,γένυν
b_5553899179,3.EBE1082,EBE1082_068_49r,20,διφῶν
b_5553899179,3.EBE1082,EBE1082_068_49r,12,διόνυσον
b_5553899179,3.EBE1082,EBE1082_069_49v,8,δμηκότες
b_5553899179,3.EBE1082,EBE1082_068_49r,28,διωρίζετο
b_5553899179,3.EBE1082,EBE1082_068_48v,9,διημέρευσ(εν)
b_5553899179,3.EBE1082,EBE1082_061_41v,4,γνώσις
b_5553899179,3.EBE1082,EBE1082_055_36r,21,βλωθρά
b_5553899179,3.EBE1082,EBE1082_063_44r,25,δεδιττομ(έν)ος
b_5553899179,3.EBE1082,EBE1082_063_44r,15,δειδία
b_5553899179,3.EBE1082,EBE1082_051_32r,27,ἀχώρ
b_5553899179,3.EBE1082,EBE1082_055_35v,16,βιάζει
b_5553899179,3.EBE1082,EBE1082_055_35v,7,βία
b_5553899179,3.EBE1082,EBE1082_064_45r,1,δεδιχότ(ας)
b_5553899179,3.EBE1082,EBE1082_059_39v,3,γεμόρος
b_5553899179,3.EBE1082,EBE1082_059_39v,11,γένεσις
b_5553899179,3.EBE1082,EBE1082_050_31r,15,ἄφετος
b_5553899179,3.EBE1082,EBE1082_061_41v,8,γνωμοτοπικ(ῶς)
b_5553899179,3.EBE1082,EBE1082_064_45r,22,δήγηρες
b_5553899179,3.EBE1082,EBE1082_062_43r,20,δασύλλιος
b_5553899179,3.EBE1082,EBE1082_068_49r,25,διχιῶς
b_5553899179,3.EBE1082,EBE1082_056_37r,6,βουκολήσ(ας)
b_5553899179,3.EBE1082,EBE1082_050_31r,11,ἄφαρ
b_5553899179,3.EBE1082,EBE1082_059_39v,20,γένυσι
b_5553899179,3.EBE1082,EBE1082_050_31r,17,ἀφελής
b_5553899179,3.EBE1082,EBE1082_059_39v,26,γέρα
b_5553899179,3.EBE1082,EBE1082_059_39v,10,γένεσις
b_5553899179,3.EBE1082,EBE1082_057_37v,8,βριαροί
b_5553899179,3.EBE1082,EBE1082_067_48r,17,διέξοδος
b_5553899179,3.EBE1082,EBE1082_051_31v,1,ἀφηνϊᾶσαι
b_5553899179,3.EBE1082,EBE1082_065_46r,8,δή
b_5553899179,3.EBE1082,EBE1082_063_44r,6,δειμαλέος
b_5553899179,3.EBE1082,EBE1082_054_35r,27,βήξ
b_5553899179,3.EBE1082,EBE1082_070_50v,33,δρᾶμα
b_5553899179,3.EBE1082,EBE1082_057_37v,24,βρωτός
b_5553899179,3.EBE1082,EBE1082_064_45r,24,δήμαρχος
b_5553899179,3.EBE1082,EBE1082_052_32v,24,βάβαξ
b_5553899179,3.EBE1082,EBE1082_052_32v,3,ἄψαυστον
b_5553899179,3.EBE1082,EBE1082_066_47r,24,διαρρήδην
b_5553899179,3.EBE1082,EBE1082_055_35v,2,βηρίον
b_5553899179,3.EBE1082,EBE1082_050_31r,24,ἀφή
b_5553899179,3.EBE1082,EBE1082_069_49v,10,δνοφερός
b_5553899179,3.EBE1082,EBE1082_069_50r,10,δολιχόδειρος
b_5553899179,3.EBE1082,EBE1082_052_33r,15,βάθρον
b_5553899179,3.EBE1082,EBE1082_051_31v,19,ἀφοβία
b_5553899179,3.EBE1082,EBE1082_066_46v,12,διακείσομαι
b_5553899179,3.EBE1082,EBE1082_060_41r,7,γλωσσόκομ(ον)
b_5553899179,3.EBE1082,EBE1082_059_39v,23,γέντα
b_5553899179,3.EBE1082,EBE1082_057_37v,20,βροτός
b_5553899179,3.EBE1082,EBE1082_062_42v,14,γυναικώδει
b_5553899179,3.EBE1082,EBE1082_056_36v,6,βόλος
b_5553899179,3.EBE1082,EBE1082_057_37v,7,βρέφος
b_5553899179,3.EBE1082,EBE1082_055_35v,5,βηβάντα
b_5553899179,3.EBE1082,EBE1082_051_31v,15,ἀφορῶντ(ες)
b_5553899179,3.EBE1082,EBE1082_061_42r,6,γουνάσομαι
b_5553899179,3.EBE1082,EBE1082_061_42r,12,γραικοί
b_5553899179,3.EBE1082,EBE1082_054_34v,8,βαυθές
b_5553899179,3.EBE1082,EBE1082_059_39v,30,γενεοῖς
b_5553899179,3.EBE1082,EBE1082_068_49r,22,διχομηνία
b_5553899179,3.EBE1082,EBE1082_051_32r,25,ἄχρον(ον) φῶς
b_5553899179,3.EBE1082,EBE1082_065_46r,15,διαβούλομαι
b_5553899179,3.EBE1082,EBE1082_059_39v,14,γενθλιαλογία
b_5553899179,3.EBE1082,EBE1082_056_36v,9,βοοφόρμος
b_5553899179,3.EBE1082,EBE1082_055_35v,14,βιοτή
b_5553899179,3.EBE1082,EBE1082_058_38v,11,γαία
b_5553899179,3.EBE1082,EBE1082_070_50v,29,δρῆσται
b_5553899179,3.EBE1082,EBE1082_050_30v,2,αὐτόχειρες
b_5553899179,3.EBE1082,EBE1082_070_50v,23,δράστινες
b_5553899179,3.EBE1082,EBE1082_052_32v,20,ἆω
b_5553899179,3.EBE1082,EBE1082_063_43v,14,δασύπους
b_5553899179,3.EBE1082,EBE1082_069_49v,3,διώρη
b_5553899179,3.EBE1082,EBE1082_055_36r,5,βλασός
b_5553899179,3.EBE1082,EBE1082_057_37v,13,βριμάζει
b_5553899179,3.EBE1082,EBE1082_062_42v,17,γυμνοπαίδεια
b_5553899179,3.EBE1082,EBE1082_063_44r,16,δεξίωσις
b_5553899179,3.EBE1082,EBE1082_051_32r,3,ἀφύκτοις
b_5553899179,3.EBE1082,EBE1082_050_30v,20,αὐχμός
b_5553899179,3.EBE1082,EBE1082_065_45v,23,ἃ ὁ δῆμος πιπράσκει
b_5553899179,3.EBE1082,EBE1082_070_50v,3,δοτήρ
b_5553899179,3.EBE1082,EBE1082_054_34v,18,βέβηλος
b_5553899179,3.EBE1082,EBE1082_051_32r,2,ἀφύσγετον
b_5553899179,3.EBE1082,EBE1082_066_46v,8,διαθέσθαι
b_5553899179,3.EBE1082,EBE1082_055_35v,10,βικάριος
b_5553899179,3.EBE1082,EBE1082_068_48v,27,διμελαί
b_5553899179,3.EBE1082,EBE1082_061_41v,11,γοητεία
b_5553899179,3.EBE1082,EBE1082_066_47r,21,διαρρεῖν
b_5553899179,3.EBE1082,EBE1082_051_31v,20,ἀφορία
b_5553899179,3.EBE1082,EBE1082_054_34v,19,βεβαίαν
b_5553899179,3.EBE1082,EBE1082_068_48v,6,διῆγεν
b_5553899179,3.EBE1082,EBE1082_062_42v,7,γρηγόρϊος
b_5553899179,3.EBE1082,EBE1082_049_30r,13,αὔξη
b_5553899179,3.EBE1082,EBE1082_064_44v,4,δέραια
b_5553899179,3.EBE1082,EBE1082_068_49r,3,διόπρα
